Cluster,Sample Count,Weighted Population,Population %
Proactive Learners,209105,14164530.843799844,51.858851469771786
Average Learners,330732,11156081.882199924,40.84438797821952
Disengaged Learners,54761,1993009.6207199967,7.296760552008369
