Cluster,Sample Count,Weighted Population,Population %,Mean Score,Weighted Mean
Low (< 482),407861,20633394.5117496,73.02510738944667,382.4765843412346,375.83025591279466
Middle (482-606),167729,6252818.514510092,22.129792712915158,535.0072267765258,533.9843292396755
High (≥ 607),38154,1368992.9561299973,4.845099897637353,651.3254495465743,650.8624639878907
